shipment_id,ship_date,pickup_ts,delivery_ts,origin_id,dest_id,miles,mode,carrier_id,status,cost_total,weight,volume
S1,2025-08-14,2025-08-14 08:00:00,2025-08-14 16:00:00,ATL,CHI,720,TL,C1,delivered,1600,10000,50
S2,2025-08-14,2025-08-14 09:00:00,2025-08-14 20:00:00,ATL,ORL,440,TL,C2,delivered,900,8000,40
S3,2025-08-14,2025-08-14 07:30:00,2025-08-16 09:00:00,DFW,DEN,800,TL,C1,delivered,1750,12000,60
S4,2025-08-14,2025-08-14 10:00:00,2025-08-18 12:00:00,LAX,SEA,960,TL,C2,delivered,2100,11000,55
S5,2025-08-14,2025-08-14 06:00:00,2025-08-15 18:00:00,ATL,CHI,720,TL,C2,delivered,1500,9500,48
